{
    "base": "https://api.blooket.com/api/",
    "cloudinary": "https://api.cloudinary.com/v1_1/blooket/image/upload",
    "game": [
        "/games",
        "/games/copy",
        "/games/merge",
        "/games/edit",
        "/games/is-image",
        "/games/featured",
        "/games/search",
        "/users/games",
        "/games/addquestion",
        "/games/updatequestion",
        "/games/removequestion",
        "/games/timelimit",
        "/games/orderquestions",
        "/games/count",
        "/games/verify",
        "/games/featured/add",
        "/games/featured/remove",
        "/games/unsplash/download",
        "/games/unsplash/search"
    ],
    "user": [
        "/users/quests",
        "/users/clearquests",
        "/users/quest/claim",
        "/users/histories",
        "/users/favoriteGames",
        "/users/updatefavorites",
        "/users/numrefers",
        "/users/allsets",
        "/users/plan",
        "/users/folders/new",
        "/users/folders/edit",
        "/users/folders/addsets",
        "/users/folders/removeset",
        "/users/folders/delete",
        "/users/homeworks",
        "/users/verify-token",
        "/users/login",
        "/users/login/google",
        "/users/bonuses",
        "/users/addtokens",
        "/users/addrewards",
        "/users/signup/google",
        "/users/signup",
        "/users/byemail",
        "/users/plan",
        "/users/setrole",
        "/users/stripe/billing",
        "/users",
        "/users/favorited",
        "/users/defensestats/solo",
        "/users/defensestats/live",
        "/users/cafestats/solo",
        "/users/cafestats/live",
        "/users/forgot",
        "/users/goldstats",
        "/users/hackstats",
        "/users/stripe/checkout",
        "/users/change/name",
        "/users/classicstats",
        "/users/addpassword",
        "/users/change/email",
        "/users/dashboard",
        "/users/setnews",
        "/users/setmessage",
        "/users/toystats",
        "/users/towerstats",
        "/users/kingdomstats",
        "/users/count",
        "/users/notstarter",
        "/users/free-trial",
        "/users/change/email-bot",
        "/users/forgot-bot",
        "/users/blooks",
        "/users/sellblook",
        "/users/unlocks",
        "/users/unlockblook",
        "/users/tokens",
        "/users/resetpass",
        "/users/racingstats",
        "/users/royalestats",
        "/users/factorystats",
        "/users/unlocks",
        "/users/check-auth",
        "/users/dinostats"
    ],
    "firebase": [
        "/firebase/host",
        "/firebase/oldgames",
        "/firebase/client",
        "/firebase/action",
        "/firebase/reset"
    ],
    "homework": [
        "/homeworks",
        "/homeworks/byid",
        "/homeworks/delete-result",
        "/homeworks/extend",
        "/homeworks/byid/results",
        "/homeworks/join"
    ],
    "group": [
        "/groups",
        "/groups/remove-member",
        "/groups/quote",
        "/groups/stripe/checkout",
        "/groups/po",
        "/groups/stripe",
        "/groups/join"
    ],
    "solos": [
        "/defenses/save",
        "/defenses/byuser",
        "/defenses",
        "/cafes",
        "/cafes/save",
        "/cafes/byuser",
        "/towers",
        "/towers/save",
        "/towers/byuser",
        "/towers/victory",
        "/towers/message",
        "/towers/victory/message"
    ],
    "history": [
        "/history",
        "/history/byid",
        "/history/count"
    ],
    "other": [
        "/news",
        "/reports",
        "/results",
        "/tourneys",
        "/markets"
    ]
}